{
    "accuracies": [
        0.4137,
        0.4405,
        0.4836,
        0.508,
        0.5121,
        0.5469,
        0.5603,
        0.5362,
        0.5591,
        0.5783
    ],
    "test_losses": [
        1.6107443531036376,
        1.5616531982421875,
        1.4268775184631348,
        1.3402413841247558,
        1.363976812171936,
        1.2583910430908203,
        1.18962493019104,
        1.2587611019134521,
        1.2325201251983642,
        1.2021293243408202
    ],
    "train_losses": [
        1.8376485613250733,
        1.542875979385376,
        1.4501529999542235,
        1.3857688500595093,
        1.3503670654296875,
        1.287519264831543,
        1.2565480270004272,
        1.214688480682373,
        1.2011228274536132,
        1.1825463623428345
    ]
}